{
  "info": {
    "_postman_id": "d1c4a1d0-4ad9-4d26-9f35-8f30b91c45d9",
    "name": "Event Management API",
    "schema": "https://schema.getpostman.com/json/collection/v2.1.0/collection.json"
  },
  "item": [
    {
      "name": "Create Event",
      "request": {
        "method": "POST",
        "header": [{ "key": "Content-Type", "value": "application/json" }],
        "body": {
          "mode": "raw",
          "raw": "{\n  \"title\": \"Demo Event\",\n  \"description\": \"This is a demo\",\n  \"date\": \"2025-06-01T10:00:00Z\"\n}"
        },
        "url": {
          "raw": "http://localhost:5000/api/events",
          "protocol": "http",
          "host": ["localhost"],
          "port": "5000",
          "path": ["api", "events"]
        }
      }
    },
    {
      "name": "Get All Events",
      "request": {
        "method": "GET",
        "url": {
          "raw": "http://localhost:5000/api/events",
          "protocol": "http",
          "host": ["localhost"],
          "port": "5000",
          "path": ["api", "events"]
        }
      }
    },
    {
      "name": "Get Event by ID",
      "request": {
        "method": "GET",
        "url": {
          "raw": "http://localhost:5000/api/events/:id",
          "protocol": "http",
          "host": ["localhost"],
          "port": "5000",
          "path": ["api", "events", ":id"]
        }
      }
    },
    {
      "name": "Update Event",
      "request": {
        "method": "PUT",
        "header": [{ "key": "Content-Type", "value": "application/json" }],
        "body": {
          "mode": "raw",
          "raw": "{\n  \"title\": \"Updated Event\",\n  \"description\": \"Updated desc\",\n  \"date\": \"2025-07-01T10:00:00Z\"\n}"
        },
        "url": {
          "raw": "http://localhost:5000/api/events/:id",
          "protocol": "http",
          "host": ["localhost"],
          "port": "5000",
          "path": ["api", "events", ":id"]
        }
      }
    },
    {
      "name": "Delete Event",
      "request": {
        "method": "DELETE",
        "url": {
          "raw": "http://localhost:5000/api/events/:id",
          "protocol": "http",
          "host": ["localhost"],
          "port": "5000",
          "path": ["api", "events", ":id"]
        }
      }
    }
  ]
}
